{
  "IcoMoonType": "selection",
  "icons": [
    {
      "icon": {
        "paths": [
          "M416 704h-128c-106.039 0-192-85.961-192-192s85.961-192 192-192v0h128M608 320h128c106.039 0 192 85.961 192 192s-85.961 192-192 192v0h-128M326.58 512h374.84"
        ],
        "attrs": [
          {
            "fill": "none",
            "strokeLinejoin": "round",
            "strokeLinecap": "round",
            "strokeMiterlimit": "4",
            "strokeWidth": 72
          }
        ],
        "isMulticolor": false,
        "isMulticolor2": false,
        "grid": 0,
        "tags": [
          "link-outline"
        ]
      },
      "attrs": [
        {
          "fill": "none",
          "strokeLinejoin": "round",
          "strokeLinecap": "round",
          "strokeMiterlimit": "4",
          "strokeWidth": 72
        }
      ],
      "properties": {
        "order": 7,
        "id": 2,
        "name": "link",
        "prevSize": 32
      },
      "setIdx": 0,
      "setId": 4,
      "iconIdx": 0
    },
    {
      "icon": {
        "paths": [
          "M896 128l-768 352.28h400c8.837 0 16 7.163 16 16v0 399.72z"
        ],
        "attrs": [
          {
            "fill": "none",
            "strokeLinejoin": "round",
            "strokeLinecap": "round",
            "strokeMiterlimit": "4",
            "strokeWidth": 64
          }
        ],
        "isMulticolor": false,
        "isMulticolor2": false,
        "grid": 0,
        "tags": [
          "navigate-outline"
        ]
      },
      "attrs": [
        {
          "fill": "none",
          "strokeLinejoin": "round",
          "strokeLinecap": "round",
          "strokeMiterlimit": "4",
          "strokeWidth": 64
        }
      ],
      "properties": {
        "order": 8,
        "id": 0,
        "name": "map",
        "prevSize": 32
      },
      "setIdx": 0,
      "setId": 4,
      "iconIdx": 2
    },
    {
      "icon": {
        "paths": [
          "M426.667 867.541c196.36 0 355.541-159.181 355.541-355.541s-159.181-355.541-355.541-355.541v0c-196.36 0-355.541 159.181-355.541 355.541s159.181 355.541 355.541 355.541v0zM426.667 938.667c-235.648 0-426.667-191.019-426.667-426.667s191.019-426.667 426.667-426.667 426.667 191.019 426.667 426.667-191.019 426.667-426.667 426.667zM375.723 605.909l-137.259-137.173-50.261 50.347 187.563 187.435 301.483-302.165-50.347-50.219-251.179 251.776z"
        ],
        "width": 853,
        "attrs": [
          {}
        ],
        "isMulticolor": false,
        "isMulticolor2": false,
        "tags": [
          "checkmark"
        ],
        "grid": 0
      },
      "attrs": [
        {}
      ],
      "properties": {
        "order": 2,
        "id": 0,
        "name": "checkmark",
        "prevSize": 32
      },
      "setIdx": 1,
      "setId": 3,
      "iconIdx": 0
    },
    {
      "icon": {
        "paths": [
          "M512 774c-17 0-30.8 13.8-30.8 30.8v92.4c0 17 13.8 30.8 30.8 30.8s30.8-13.8 30.8-30.8v-92.4c0-17-13.8-30.8-30.8-30.8zM512 96c-17 0-30.8 13.8-30.8 30.8v92.4c0 17 13.8 30.8 30.8 30.8s30.8-13.8 30.8-30.8v-92.4c0-17-13.8-30.8-30.8-30.8zM250 512c0-17-13.8-30.8-30.8-30.8h-92.4c-17 0-30.8 13.8-30.8 30.8s13.8 30.8 30.8 30.8h92.4c17 0 30.8-13.8 30.8-30.8zM897.2 481.2h-92.4c-17 0-30.8 13.8-30.8 30.8s13.8 30.8 30.8 30.8h92.4c17 0 30.8-13.8 30.8-30.8s-13.8-30.8-30.8-30.8zM305 688.2c-8.2 0-16 3.2-21.8 9l-65.4 65.4c-5.8 5.8-9 13.6-9 21.8s3.2 16 9 21.8c5.8 5.8 13.6 9 21.8 9s16-3.2 21.8-9l65.4-65.4c12-12 12-31.6 0-43.6-5.8-5.8-13.6-9-21.8-9zM719 335.8c8.2 0 16-3.2 21.8-9l65.4-65.4c5.8-5.8 9-13.6 9-21.8s-3.2-16-9-21.8c-5.8-5.8-13.6-9-21.8-9s-16 3.2-21.8 9l-65.4 65.4c-5.8 5.8-9 13.6-9 21.8s3.2 16 9 21.8c5.8 5.8 13.6 9 21.8 9zM261.4 217.8c-5.8-5.8-13.6-9-21.8-9s-16 3.2-21.8 9c-5.8 5.8-9 13.6-9 21.8s3.2 16 9 21.8l65.4 65.4c5.8 5.8 13.6 9 21.8 9s16-3.2 21.8-9c5.8-5.8 9-13.6 9-21.8s-3.2-16-9-21.8l-65.4-65.4zM740.8 697.2c-5.8-5.8-13.6-9-21.8-9s-16 3.2-21.8 9c-12 12-12 31.6 0 43.6l65.4 65.4c5.8 5.8 13.6 9 21.8 9s16-3.2 21.8-9c5.8-5.8 9-13.6 9-21.8s-3.2-16-9-21.8l-65.4-65.4zM512 320c-105.8 0-192 86.2-192 192s86.2 192 192 192 192-86.2 192-192-86.2-192-192-192z"
        ],
        "attrs": [
          {}
        ],
        "isMulticolor": false,
        "isMulticolor2": false,
        "tags": [
          "sunny"
        ],
        "grid": 0
      },
      "attrs": [
        {}
      ],
      "properties": {
        "order": 3,
        "id": 1,
        "name": "sunny",
        "prevSize": 32
      },
      "setIdx": 1,
      "setId": 3,
      "iconIdx": 1
    },
    {
      "icon": {
        "paths": [
          "M390 250c0-52.6 10.6-102.6 29.8-148.2-182.4 44.2-317.8 208.4-317.8 404.2 0 229.6 186.4 416 416 416 195.8 0 360-135.4 404.2-317.8-45.6 19.2-95.8 29.8-148.2 29.8-212 0-384-172-384-384z"
        ],
        "attrs": [
          {}
        ],
        "isMulticolor": false,
        "isMulticolor2": false,
        "tags": [
          "moon"
        ],
        "grid": 0
      },
      "attrs": [
        {}
      ],
      "properties": {
        "order": 6,
        "id": 2,
        "name": "moon",
        "prevSize": 32
      },
      "setIdx": 1,
      "setId": 3,
      "iconIdx": 2
    },
    {
      "icon": {
        "paths": [
          "M170 554.75h519.408l-239.404 239.404 61.996 59.846 342-342-342-342-59.844 59.848 237.252 239.402h-519.408v85.5z"
        ],
        "attrs": [
          {}
        ],
        "isMulticolor": false,
        "isMulticolor2": false,
        "tags": [
          "arrow"
        ],
        "grid": 0
      },
      "attrs": [
        {}
      ],
      "properties": {
        "order": 4,
        "id": 3,
        "name": "arrow",
        "prevSize": 32
      },
      "setIdx": 1,
      "setId": 3,
      "iconIdx": 3
    },
    {
      "icon": {
        "paths": [
          "M810 273.596l-59.596-59.596-238.404 238.404-238.404-238.404-59.596 59.596 238.404 238.404-238.404 238.404 59.596 59.596 238.404-238.404 238.404 238.404 59.596-59.596-238.404-238.404z"
        ],
        "attrs": [
          {}
        ],
        "isMulticolor": false,
        "isMulticolor2": false,
        "tags": [
          "close"
        ],
        "grid": 0
      },
      "attrs": [
        {}
      ],
      "properties": {
        "order": 5,
        "id": 4,
        "name": "close",
        "prevSize": 32
      },
      "setIdx": 1,
      "setId": 3,
      "iconIdx": 4
    },
    {
      "icon": {
        "paths": [
          "M862 641.2c0-8.8 2.4-17.2 6.6-24.4 1.2-2.2 2.8-4.2 4.2-6.2 34.8-52 55.2-114.2 55.2-180.6 0.6-184.4-155-334-347.4-334-167.8 0-307.8 114.2-340.6 265.8-4.8 22.2-7.4 44.8-7.4 68.4 0 184.6 149.6 338.2 342 338.2 30.6 0 71.8-9.2 94.4-15.4s45-14.4 50.8-16.6c5.8-2.2 12.2-3.4 18.6-3.4 7.2 0 14 1.4 20.2 4l113.4 40.2s4.8 2 7.8 2c8.8 0 16-7 16-16 0-2-1-5.4-1-5.4l-32.8-116.6z",
          "M637 785c-7.2 2-16.4 4.2-26.4 6.4-21 4.4-47.8 9-68 9-192.4 0-342-153.6-342-338.2 0-13.2 1.4-30 3-42.8 1.2-8.6 2.6-17.2 4.6-25.6 2-9 4.4-18 7-26.8l-16 14.2c-65.6 57.2-103.2 138.8-103.2 223.8 0 58.6 17 115 49.6 164 4.6 7 7.2 12.4 6.4 16s-23.8 124-23.8 124c-1.2 5.8 1 11.6 5.4 15.4 3 2.4 6.6 3.6 10.2 3.6 2 0 4-0.4 5.8-1.2l112.2-44.2c3.6-1.4 7.4-2.2 11.4-2.2 0 0 4.8-0.4 12.6 2.6 37.8 14.8 79.6 24 121.4 24 93.2 0 180.8-40.2 240.2-110.2 0 0 6.4-8.8 13.8-19.2-7.4 2.6-15.8 5.2-24.2 7.4z"
        ],
        "attrs": [
          {},
          {}
        ],
        "isMulticolor": false,
        "isMulticolor2": false,
        "tags": [
          "ionicons_svg_ios-chatbubbles"
        ],
        "grid": 0
      },
      "attrs": [
        {},
        {}
      ],
      "properties": {
        "order": 2,
        "id": 5,
        "name": "comments",
        "prevSize": 32
      },
      "setIdx": 1,
      "setId": 3,
      "iconIdx": 5
    },
    {
      "icon": {
        "paths": [
          "M926 384h-294.2l-89.4-266.8c-4.4-13-16.6-21.2-30.4-21.2s-26 8.2-30.4 21.2l-89.4 266.8h-296.2c-17.6 0-32 14.4-32 32 0 1.8 0.2 3.8 0.6 5.4 0.4 7 3.6 14.8 13.4 22.6l241.8 170.4-92.8 269.8c-4.6 13 0 27.6 11 36 5.8 4.2 11.2 7.8 18 7.8 6.6 0 14.4-3.4 20-7.2l236-168.2 236 168.2c5.6 4 13.4 7.2 20 7.2 6.8 0 12.2-3.4 17.8-7.8 11.2-8.4 15.6-22.8 11-36l-92.8-269.8 239.8-172 5.8-5c5.2-5.6 10.4-13.2 10.4-21.4 0-17.6-16.4-32-34-32z"
        ],
        "attrs": [
          {}
        ],
        "isMulticolor": false,
        "isMulticolor2": false,
        "tags": [
          "ionicons_svg_ios-star"
        ],
        "grid": 0
      },
      "attrs": [
        {}
      ],
      "properties": {
        "order": 26,
        "id": 6,
        "name": "star",
        "prevSize": 32
      },
      "setIdx": 1,
      "setId": 3,
      "iconIdx": 6
    },
    {
      "icon": {
        "paths": [
          "M887 840.4l-213.6-215.6c41.8-52.4 67-118.8 67-191 0-169-137-306-306.2-306s-306.2 137.2-306.2 306.2 137 306 306.2 306c73.2 0 140.2-25.6 193-68.4l212.2 214.2c6.4 6.8 15.2 10.2 23.8 10.2 8.2 0 16.4-3 22.6-9 13.2-12.6 13.6-33.4 1.2-46.6zM434.2 674.2c-64.2 0-124.6-25-170-70.4s-70.4-105.8-70.4-169.8c0-64.2 25-124.6 70.4-169.8 45.4-45.4 105.8-70.4 170-70.4s124.6 25 170 70.4c45.4 45.4 70.4 105.8 70.4 169.8 0 64.2-25 124.6-70.4 169.8-45.4 45.4-105.8 70.4-170 70.4z"
        ],
        "attrs": [
          {}
        ],
        "isMulticolor": false,
        "isMulticolor2": false,
        "tags": [
          "ionicons_svg_ios-search"
        ],
        "grid": 0
      },
      "attrs": [
        {}
      ],
      "properties": {
        "order": 28,
        "id": 8,
        "name": "search",
        "prevSize": 32
      },
      "setIdx": 1,
      "setId": 3,
      "iconIdx": 8
    },
    {
      "icon": {
        "paths": [
          "M871.8 129.8l-734.2 320c-13 6.2-12.6 24.8 0.6 30.6l198.6 112.2c11.8 6.6 26.4 5.2 36.6-3.6l391.6-337.6c2.6-2.2 8.8-6.4 11.2-4 2.6 2.6-1.4 8.6-3.6 11.2l-338.8 381.6c-9.4 10.6-10.8 26.2-3.2 38.2l129.8 208.2c6.4 12.6 24.6 12.4 30.4-0.4l303.6-734.2c6.6-14.4-8.4-29-22.6-22.2z"
        ],
        "attrs": [
          {}
        ],
        "isMulticolor": false,
        "isMulticolor2": false,
        "tags": [
          "ionicons_svg_ios-send"
        ],
        "grid": 0
      },
      "attrs": [
        {}
      ],
      "properties": {
        "order": 29,
        "id": 9,
        "name": "send",
        "prevSize": 32
      },
      "setIdx": 1,
      "setId": 3,
      "iconIdx": 9
    },
    {
      "icon": {
        "paths": [
          "M704 112h-2c-79.4 0-149.6 42-190 104-40.4-62-110.6-104-190-104h-2c-123.8 1.2-224 101.8-224 226 0 74 32.4 179 95.6 265.4 120.4 164.6 320.4 308.6 320.4 308.6s200-144 320.4-308.6c63.2-86.4 95.6-191.4 95.6-265.4 0-124.2-100.2-224.8-224-226z"
        ],
        "attrs": [
          {}
        ],
        "isMulticolor": false,
        "isMulticolor2": false,
        "tags": [
          "ionicons_svg_ios-heart"
        ],
        "grid": 0
      },
      "attrs": [
        {}
      ],
      "properties": {
        "order": 24,
        "id": 10,
        "name": "heart",
        "prevSize": 32
      },
      "setIdx": 1,
      "setId": 3,
      "iconIdx": 10
    },
    {
      "icon": {
        "paths": [
          "M239.8 672.2c-61.6 0-111.8 50.2-111.8 111.6 0 61.6 50.2 111.2 111.8 111.2 61.8 0 111.8-49.8 111.8-111.2s-50-111.6-111.8-111.6z",
          "M128 384v159.8c96 0 188.2 28.4 256 96.2s96 159.8 96 256h160c0-279.8-232-512-512-512z",
          "M128 128v159.8c342 0 607.8 266 607.8 608.2h160.2c0-423.4-344-768-768-768z"
        ],
        "attrs": [
          {},
          {},
          {}
        ],
        "isMulticolor": false,
        "isMulticolor2": false,
        "tags": [
          "ionicons_svg_logo-rss"
        ],
        "grid": 0
      },
      "attrs": [
        {},
        {},
        {}
      ],
      "properties": {
        "order": 23,
        "id": 11,
        "name": "rss",
        "prevSize": 32
      },
      "setIdx": 1,
      "setId": 3,
      "iconIdx": 11
    },
    {
      "icon": {
        "paths": [
          "M588.2 512l-254.2-254c-18.8-18.8-18.8-49.2 0-67.8s49.2-18.6 68 0l288 287.8c18.2 18.2 18.6 47.4 1.4 66.2l-289.2 289.8c-9.4 9.4-21.8 14-34 14s-24.6-4.6-34-14c-18.8-18.8-18.8-49.2 0-67.8l254-254.2z"
        ],
        "attrs": [
          {}
        ],
        "isMulticolor": false,
        "isMulticolor2": false,
        "tags": [
          "ionicons_svg_ios-arrow-forward"
        ],
        "grid": 0
      },
      "attrs": [
        {}
      ],
      "properties": {
        "order": 22,
        "id": 12,
        "name": "arrow-forward",
        "prevSize": 32
      },
      "setIdx": 1,
      "setId": 3,
      "iconIdx": 12
    },
    {
      "icon": {
        "paths": [
          "M984 219c-34.8 15.4-72 25.8-111.2 30.6 40-24 70.8-62 85.2-107.2-37.4 22.2-78.8 38.4-123 47-35.4-37.8-85.8-61.4-141.4-61.4-107 0-193.6 86.8-193.6 193.8 0 15.2 1.6 30 5 44.2-161-8-303.8-85.2-399.2-202.6-16.6 28.6-26.2 62-26.2 97.4 0 67.2 34.4 126.6 86.4 161.4-32-0.8-62-9.6-88-24.2v2.4c0 94 66.8 172.2 155.4 190-16.2 4.4-33.4 6.8-51 6.8-12.4 0-24.6-1.2-36.4-3.6 24.6 77 96.2 133 181 134.6-66.2 52-149.8 83-240.6 83-15.6 0-31-1-46.2-2.8 85.4 55.6 187.2 87.6 296.4 87.6 356.6 0 551.4-295.4 551.4-551.6 0-8.4-0.2-16.8-0.6-25 37.8-27.4 70.6-61.4 96.6-100.4z"
        ],
        "attrs": [
          {}
        ],
        "isMulticolor": false,
        "isMulticolor2": false,
        "tags": [
          "ionicons_svg_logo-twitter"
        ],
        "grid": 0
      },
      "attrs": [
        {}
      ],
      "properties": {
        "order": 17,
        "id": 13,
        "name": "twitter",
        "prevSize": 32
      },
      "setIdx": 1,
      "setId": 3,
      "iconIdx": 13
    },
    {
      "icon": {
        "paths": [
          "M834.4 128h-640.8c-35 0-65.6 25.2-65.6 59.8v642.2c0 34.8 30.6 65.8 65.6 65.8h640.6c35.2 0 61.6-31.2 61.6-65.8v-642.2c0.2-34.6-26.4-59.8-61.4-59.8zM366 768h-110v-342h110v342zM314.8 374h-0.8c-35.2 0-58-26.2-58-59 0-33.4 23.4-59 59.4-59s58 25.4 58.8 59c0 32.8-22.8 59-59.4 59zM768 768h-110v-187c0-44.8-16-75.4-55.8-75.4-30.4 0-48.4 20.6-56.4 40.6-3 7.2-3.8 17-3.8 27v194.8h-110v-342h110v47.6c16-22.8 41-55.6 99.2-55.6 72.2 0 126.8 47.6 126.8 150.2v199.8z"
        ],
        "attrs": [
          {}
        ],
        "isMulticolor": false,
        "isMulticolor2": false,
        "tags": [
          "ionicons_svg_logo-linkedin"
        ],
        "grid": 0
      },
      "attrs": [
        {}
      ],
      "properties": {
        "order": 18,
        "id": 14,
        "name": "linkedin",
        "prevSize": 32
      },
      "setIdx": 1,
      "setId": 3,
      "iconIdx": 14
    },
    {
      "icon": {
        "paths": [
          "M853.6 128h-683.2c-23.4 0-42.4 19-42.4 42.4v683.2c0 23.4 19 42.4 42.4 42.4h341.6v-304h-91.8v-112h91.8v-82.8c0-99.2 68.8-153.2 157.4-153.2 42.4 0 88 3.2 98.6 4.6v103.6h-70.6c-48.2 0-57.4 22.8-57.4 56.4v71.4h114.8l-15 112h-99.8v304h213.6c23.4 0 42.4-19 42.4-42.4v-683.2c0-23.4-19-42.4-42.4-42.4z"
        ],
        "attrs": [
          {}
        ],
        "isMulticolor": false,
        "isMulticolor2": false,
        "tags": [
          "ionicons_svg_logo-facebook"
        ],
        "grid": 0
      },
      "attrs": [
        {}
      ],
      "properties": {
        "order": 12,
        "id": 15,
        "name": "facebook",
        "prevSize": 32
      },
      "setIdx": 1,
      "setId": 3,
      "iconIdx": 15
    },
    {
      "icon": {
        "paths": [
          "M512 64c-247.4 0-448 205.8-448 459.4 0 203 128.4 375 306.4 435.8 2.8 0.6 5.2 0.8 7.6 0.8 16.6 0 23-12.2 23-22.8 0-11-0.4-39.8-0.6-78.2-16.8 3.8-31.8 5.4-45.2 5.4-86.2 0-105.8-67-105.8-67-20.4-53-49.8-67.2-49.8-67.2-39-27.4-0.2-28.2 2.8-28.2h0.2c45 4 68.6 47.6 68.6 47.6 22.4 39.2 52.4 50.2 79.2 50.2 21 0 40-6.8 51.2-12 4-29.6 15.6-49.8 28.4-61.4-99.4-11.6-204-51-204-227 0-50.2 17.4-91.2 46-123.2-4.6-11.6-20-58.4 4.4-121.6 0 0 3.2-1 10-1 16.2 0 52.8 6.2 113.2 48.2 35.8-10.2 74-15.2 112.2-15.4 38 0.2 76.4 5.2 112.2 15.4 60.4-42 97-48.2 113.2-48.2 6.8 0 10 1 10 1 24.4 63.2 9 110 4.4 121.6 28.6 32.2 46 73.2 46 123.2 0 176.4-104.8 215.2-204.6 226.6 16 14.2 30.4 42.2 30.4 85 0 61.4-0.6 111-0.6 126 0 10.8 6.2 23 22.8 23 2.4 0 5.2-0.2 8-0.8 178.2-60.8 306.4-233 306.4-435.8 0-253.6-200.6-459.4-448-459.4z"
        ],
        "attrs": [
          {}
        ],
        "isMulticolor": false,
        "isMulticolor2": false,
        "tags": [
          "ionicons_svg_logo-github"
        ],
        "grid": 0
      },
      "attrs": [
        {}
      ],
      "properties": {
        "order": 13,
        "id": 16,
        "name": "github",
        "prevSize": 32
      },
      "setIdx": 1,
      "setId": 3,
      "iconIdx": 16
    },
    {
      "icon": {
        "paths": [
          "M672 192c42.4 0 82.6 16.8 113 47s47 70.6 47 113v320c0 42.4-16.8 82.6-47 113s-70.6 47-113 47h-320c-42.4 0-82.6-16.8-113-47s-47-70.6-47-113v-320c0-42.4 16.8-82.6 47-113s70.6-47 113-47h320zM672 128h-320c-123.2 0-224 100.8-224 224v320c0 123.2 100.8 224 224 224h320c123.2 0 224-100.8 224-224v-320c0-123.2-100.8-224-224-224z",
          "M720 352c-26.6 0-48-21.4-48-48s21.4-48 48-48c26.4 0 48 21.4 48 48s-21.6 48-48 48zM512 384c70.6 0 128 57.4 128 128s-57.4 128-128 128-128-57.4-128-128 57.4-128 128-128zM512 320c-106 0-192 86-192 192s86 192 192 192 192-86 192-192-86-192-192-192z"
        ],
        "attrs": [
          {},
          {}
        ],
        "isMulticolor": false,
        "isMulticolor2": false,
        "tags": [
          "ionicons_svg_logo-instagram"
        ],
        "grid": 0
      },
      "attrs": [
        {},
        {}
      ],
      "properties": {
        "order": 14,
        "id": 17,
        "name": "instagram",
        "prevSize": 32
      },
      "setIdx": 1,
      "setId": 3,
      "iconIdx": 17
    },
    {
      "icon": {
        "paths": [
          "M1017.2 297.6c0-90-66.2-162.4-148-162.4-110.8-5.2-223.8-7.2-339.2-7.2h-36c-115.2 0-228.4 2-339.2 7.2-81.6 0-147.8 72.8-147.8 162.8-5 71.2-7.2 142.4-7 213.6-0.2 71.2 2 142.4 6.8 213.8 0 90 66.2 163 147.8 163 116.4 5.4 235.8 7.8 357.2 7.6 121.6 0.4 240.6-2 357.2-7.6 81.8 0 148-73 148-163 4.8-71.4 7-142.6 6.8-214 0.4-71.2-1.8-142.4-6.6-213.8zM414 707.8v-393l290 196.4-290 196.6z"
        ],
        "attrs": [
          {}
        ],
        "isMulticolor": false,
        "isMulticolor2": false,
        "tags": [
          "ionicons_svg_logo-youtube"
        ],
        "grid": 0
      },
      "attrs": [
        {}
      ],
      "properties": {
        "order": 15,
        "id": 18,
        "name": "youtube",
        "prevSize": 32
      },
      "setIdx": 1,
      "setId": 3,
      "iconIdx": 18
    },
    {
      "icon": {
        "paths": [
          "M520.124 64c-242.914 0-439.856 195.402-439.856 436.464 0 82.46 23.064 159.58 63.118 225.374l-79.386 234.162 243.528-77.364c63.016 34.57 135.49 54.292 212.596 54.292 242.946 0 439.876-195.43 439.876-436.464 0-241.062-196.93-436.464-439.876-436.464zM738.848 666.22c-10.348 25.654-57.148 49.066-77.798 50.144-20.628 1.094-21.216 15.988-133.68-32.868-112.45-48.868-180.104-167.688-185.438-175.34-5.338-7.624-43.56-62.094-41.498-116.91 2.076-54.826 32.094-80.692 42.808-91.45 10.702-10.774 22.972-12.704 30.464-12.826 8.856-0.144 14.592-0.264 21.146-0.022 6.548 0.248 16.384-1.37 24.9 21.278 8.512 22.646 28.886 78.306 31.492 83.978 2.604 5.678 4.216 12.252 0.204 19.542-4.024 7.306-6.084 11.87-11.922 18.166-5.87 6.296-12.348 14.084-17.584 18.898-5.84 5.33-11.94 11.144-5.8 22.538 6.136 11.386 27.306 48.712 59.558 79.472 41.45 39.542 77.196 52.658 88.196 58.634 11.030 6.008 17.612 5.34 24.452-1.858 6.808-7.198 29.278-31.492 37.192-42.338 7.91-10.876 15.322-8.746 25.484-4.658 10.156 4.104 64.314 33.112 75.346 39.102 11.020 5.978 18.386 9.058 21.020 13.8 2.634 4.76 1.802 27.062-8.542 52.718z"
        ],
        "attrs": [
          {}
        ],
        "isMulticolor": false,
        "isMulticolor2": false,
        "tags": [
          "ionicons_svg_logo-whatsapp"
        ],
        "grid": 0
      },
      "attrs": [
        {}
      ],
      "properties": {
        "order": 16,
        "id": 19,
        "name": "whatsapp",
        "prevSize": 32
      },
      "setIdx": 1,
      "setId": 3,
      "iconIdx": 19
    },
    {
      "icon": {
        "paths": [
          "M1024 483.429c0 44.571-25.143 82.857-62.286 101.714 4.571 17.714 6.857 36 6.857 54.857 0 180.571-204 326.857-455.429 326.857-250.857 0-454.857-146.286-454.857-326.857 0-18.286 2.286-36.571 6.286-53.714-38.286-18.857-64.571-57.714-64.571-102.857 0-62.857 50.857-113.714 113.714-113.714 32.571 0 61.714 13.714 82.857 36 77.143-53.714 180-88.571 294.286-92.571l66.286-297.714c2.286-10.286 13.143-17.143 23.429-14.857l210.857 46.286c13.714-27.429 42.857-46.857 76-46.857 47.429 0 85.714 38.286 85.714 85.143 0 47.429-38.286 85.714-85.714 85.714-46.857 0-85.143-38.286-85.143-85.143l-190.857-42.286-59.429 269.714c114.857 3.429 218.857 37.714 296.571 91.429 20.571-21.714 49.714-34.857 81.714-34.857 62.857 0 113.714 50.857 113.714 113.714zM238.857 597.143c0 47.429 38.286 85.714 85.143 85.714 47.429 0 85.714-38.286 85.714-85.714 0-46.857-38.286-85.143-85.714-85.143-46.857 0-85.143 38.286-85.143 85.143zM701.714 800c8.571-8.571 8.571-21.143 0-29.714-8-8-21.143-8-29.143 0-34.286 34.857-108 46.857-160.571 46.857s-126.286-12-160.571-46.857c-8-8-21.143-8-29.143 0-8.571 8-8.571 21.143 0 29.714 54.286 54.286 158.857 58.286 189.714 58.286s135.429-4 189.714-58.286zM700 682.857c46.857 0 85.143-38.286 85.143-85.714 0-46.857-38.286-85.143-85.143-85.143-47.429 0-85.714 38.286-85.714 85.143 0 47.429 38.286 85.714 85.714 85.714z"
        ],
        "width": 1024,
        "attrs": [],
        "isMulticolor": false,
        "isMulticolor2": false,
        "tags": [
          "reddit-alien"
        ],
        "defaultCode": 62081,
        "grid": 14
      },
      "attrs": [],
      "properties": {
        "name": "reddit",
        "id": 0,
        "order": 20,
        "prevSize": 28,
        "code": 62081
      },
      "setIdx": 2,
      "setId": 2,
      "iconIdx": 0
    }
  ],
  "height": 1024,
  "preferences": {
    "showGlyphs": true,
    "showQuickUse": true,
    "showQuickUse2": true,
    "showSVGs": true,
    "fontPref": {
      "prefix": "i-",
      "metadata": {
        "fontFamily": "simply",
        "majorVersion": 1,
        "minorVersion": 0,
        "fontURL": "https://godofredo.ninja",
        "description": "Font Icons for theme simply for ghost"
      },
      "metrics": {
        "emSize": 1024,
        "baseline": 6.25,
        "whitespace": 50
      },
      "embed": false,
      "showSelector": false,
      "showMetrics": false,
      "showMetadata": false,
      "showVersion": true
    },
    "imagePref": {
      "prefix": "icon-",
      "png": false,
      "useClassSelector": true,
      "color": 0,
      "bgColor": 16777215,
      "classSelector": ".icon",
      "name": "simply",
      "height": 32,
      "columns": 16,
      "margin": 16
    },
    "historySize": 100,
    "showCodes": true,
    "gridSize": 16,
    "showGrid": false
  }
}